<?xml version="1.0" encoding="UTF-8"?>
<!-- 
Do not REPLACE the file because the manifest.xml file in .repo is a link file, better to just copy paste.
Remember to add local_manifests to .repo folder 
-->
<manifest>

  <remote  name="phablet"
           fetch="https://code-review.phablet.ubuntu.com/p/" />
  <remote name="opo" fetch="https://github.com/ubuntu-touch-oneplus-one/" />

  <default revision="refs/heads/phablet-4.4.2_r1"
           remote="phablet"
           sync-j="4" />

  <project path="build" name="aosp/platform/build" groups="pdk" >
    <copyfile src="core/root.mk" dest="Makefile" />
  </project>
  <project path="abi/cpp" name="aosp/platform/abi/cpp" groups="pdk" />
  <project path="bionic" name="aosp/platform/bionic" groups="pdk" /> 
  <project path="bootable/recovery" name="CyanogenMod/android_bootable_recovery" groups="pdk" /> 
  <project path="development" name="aosp/platform/development" />
  <project path="device/asus/deb" name="aosp/device/asus/deb" groups="device,flo" />
  <project path="device/asus/flo" name="aosp/device/asus/flo" groups="device,flo" />
  <project path="device/asus/grouper" name="aosp/device/asus/grouper" groups="device,grouper" />
  <project path="device/asus/tilapia" name="aosp/device/asus/tilapia" groups="device,grouper" />
  <project path="device/common" name="aosp/device/common" />
  <project path="device/generic/armv7-a-neon" name="aosp/device/generic/armv7-a-neon" groups="pdk" />
  <project path="device/generic/common" name="aosp/device/generic/common" groups="pdk" />
  <project path="device/generic/goldfish" name="aosp/device/generic/goldfish" groups="pdk" />
  <project path="device/generic/mini-emulator-armv7-a-neon" name="aosp/device/generic/mini-emulator-armv7-a-neon" groups="pdk" />
  <project path="device/generic/mini-emulator-x86" name="aosp/device/generic/mini-emulator-x86" groups="pdk" />
  <project path="device/generic/x86" name="aosp/device/generic/x86" groups="pdk" />
  <project path="device/lge/hammerhead" name="aosp/device/lge/hammerhead" groups="device,hammerhead" />
  <project path="device/lge/mako" name="aosp/device/lge/mako" groups="device,mako" />
  <project path="device/sample" name="aosp/device/sample" groups="pdk" />
  <project path="device/samsung/manta" name="aosp/device/samsung/manta" groups="device,manta" />
  <project path="external/aac" name="aosp/platform/external/aac" groups="pdk" />
  <project path="external/bison" name="aosp/platform/external/bison" groups="pdk" />
  <project path="external/bzip2" name="aosp/platform/external/bzip2" groups="pdk" />
  <project path="external/checkpolicy" name="aosp/platform/external/checkpolicy" groups="pdk" />
  <project path="external/e2fsprogs" name="aosp/platform/external/e2fsprogs" groups="pdk" />
  <project path="external/expat" name="aosp/platform/external/expat" groups="pdk" />
  <project path="external/flac" name="aosp/platform/external/flac" groups="pdk" />
  <project path="external/freetype" name="aosp/platform/external/freetype" groups="pdk" />
  <project path="external/fsck_msdos" name="aosp/platform/external/fsck_msdos" />
  <project path="external/gcc-demangle" name="aosp/platform/external/gcc-demangle" groups="pdk" />
  <project path="external/genext2fs" name="aosp/platform/external/genext2fs" />
  <project path="external/giflib" name="aosp/platform/external/giflib" />
  <project path="external/gtest" name="aosp/platform/external/gtest" groups="pdk" />
  <project path="external/harfbuzz" name="aosp/platform/external/harfbuzz" />
  <project path="external/harfbuzz_ng" name="aosp/platform/external/harfbuzz_ng" />
  <project path="external/icu4c" name="aosp/platform/external/icu4c" groups="pdk" />
  <project path="external/jhead" name="aosp/platform/external/jhead" groups="pdk" />
  <project path="external/jpeg" name="aosp/platform/external/jpeg" groups="pdk" />
  <project path="external/kernel-headers" name="aosp/platform/external/kernel-headers" />
  <project path="external/libgsm" name="aosp/platform/external/libgsm" groups="pdk" />
  <project path="external/liblzf" name="aosp/platform/external/liblzf" groups="pdk" />
  <project path="external/libnl-headers" name="aosp/platform/external/libnl-headers" groups="pdk" />
  <project path="external/libpng" name="aosp/platform/external/libpng" groups="pdk" />
  <project path="external/libppp" name="aosp/platform/external/libppp" />
  <project path="external/libselinux" name="aosp/platform/external/libselinux" groups="pdk" />
  <project path="external/libsepol" name="aosp/platform/external/libsepol" groups="pdk" />
  <project path="external/libvpx" name="aosp/platform/external/libvpx" groups="pdk" />
  <project path="external/mksh" name="aosp/platform/external/mksh" groups="pdk" />
  <project path="external/openssl" name="aosp/platform/external/openssl" groups="pdk" />
  <project path="external/protobuf" name="aosp/platform/external/protobuf" groups="pdk" />
  <project path="external/qemu" name="aosp/platform/external/qemu" />
  <project path="external/qemu-pc-bios" name="aosp/platform/external/qemu-pc-bios" />
  <project path="external/safe-iop" name="aosp/platform/external/safe-iop" groups="pdk" />
  <project path="external/scrypt" name="aosp/platform/external/scrypt" groups="pdk" />
  <project path="external/sepolicy" name="aosp/platform/external/sepolicy" groups="pdk" />
  <project path="external/sfntly" name="aosp/platform/external/sfntly" />
  <project path="external/skia" name="aosp/platform/external/skia" />
  <project path="external/sonivox" name="aosp/platform/external/sonivox" groups="pdk" />
  <project path="external/speex" name="aosp/platform/external/speex" groups="pdk" />
  <project path="external/sqlite" name="aosp/platform/external/sqlite" groups="pdk" />
  <project path="external/stlport" name="aosp/platform/external/stlport" groups="pdk" />
  <project path="external/strace" name="aosp/platform/external/strace" />
  <project path="external/tinyalsa" name="aosp/platform/external/tinyalsa" groups="pdk" />
  <project path="external/tinycompress" name="aosp/platform/external/tinycompress" groups="pdk" />
  <project path="external/tremolo" name="aosp/platform/external/tremolo" groups="pdk" />
  <project path="external/webp" name="aosp/platform/external/webp" />
  <project path="external/webrtc" name="aosp/platform/external/webrtc" groups="pdk" />
  <project path="external/wpa_supplicant_8" name="aosp/platform/external/wpa_supplicant_8" groups="pdk" />
  <project path="external/yaffs2" name="aosp/platform/external/yaffs2" groups="pdk" />
  <project path="external/zlib" name="aosp/platform/external/zlib" groups="pdk" />
  <project path="frameworks/av" name="aosp/platform/frameworks/av" groups="pdk" /> 
  <project path="frameworks/base" name="aosp/platform/frameworks/base" />  
  <project path="frameworks/native" name="aosp/platform/frameworks/native" groups="pdk" /> 
  <project path="frameworks/opt/emoji" name="aosp/platform/frameworks/opt/emoji" />
  <project path="hardware/akm" name="aosp/platform/hardware/akm" />
  <project path="hardware/broadcom/libbt" name="aosp/platform/hardware/broadcom/libbt" groups="pdk" />
  <project path="hardware/broadcom/wlan" name="aosp/platform/hardware/broadcom/wlan" groups="broadcom_wlan" />
  <project path="hardware/invensense" name="aosp/platform/hardware/invensense" groups="invensense" />
  <project path="hardware/libhardware" name="aosp/platform/hardware/libhardware" groups="pdk" />
  <project path="hardware/libhardware_legacy" name="aosp/platform/hardware/libhardware_legacy" groups="pdk" />
  <project path="hardware/qcom/audio" name="aosp/platform/hardware/qcom/audio" groups="qcom" /> 
  <project path="hardware/qcom/bt" name="aosp/platform/hardware/qcom/bt" groups="qcom" /> 
  <project path="hardware/qcom/camera" name="aosp/platform/hardware/qcom/camera" groups="qcom" />
  <project path="hardware/qcom/display" name="qcom-display" remote="opo" revision="phablet-4.4.2_r1" groups="qcom" /> 
  <project path="hardware/qcom/keymaster" name="qcom-keymaster" remote="opo" revision="phablet-4.4.2_r1" groups="qcom" /> 
 <!-- <project path="hardware/qcom/media" name="aosp/platform/hardware/qcom/media" groups="qcom" /> -->
  <project path="hardware/qcom/msm8960" name="aosp/platform/hardware/qcom/msm8960" groups="qcom_msm8960" />
  <project path="hardware/qcom/msm8x74" name="aosp/platform/hardware/qcom/msm8x74" groups="qcom_msm8x74" />
  <project path="hardware/qcom/power" name="aosp/platform/hardware/qcom/power" groups="qcom" />
  <project path="hardware/qcom/sensors" name="aosp/platform/hardware/qcom/sensors" groups="qcom" />
  <project path="hardware/qcom/wlan" name="aosp/platform/hardware/qcom/wlan" groups="qcom_wlan" />
  <project path="hardware/ril" name="aosp/platform/hardware/ril" groups="pdk" /> -
  <project path="hardware/samsung_slsi/exynos5" name="aosp/platform/hardware/samsung_slsi/exynos5" groups="exynos5" />
  <project path="hardware/ti/omap3" name="aosp/platform/hardware/ti/omap3" />
  <project path="hardware/ti/omap4xxx" name="aosp/platform/hardware/ti/omap4xxx" groups="omap4" />
  <project path="hardware/ti/wlan" name="aosp/platform/hardware/ti/wlan" />
  <project path="hardware/ti/wpan" name="aosp/platform/hardware/ti/wpan" />

  <project path="prebuilts/clang/linux-x86/3.1" name="aosp/platform/prebuilts/clang/linux-x86/3.1" groups="pdk,linux" revision="refs/tags/android-4.4.2_r1" />
  <project path="prebuilts/clang/linux-x86/3.2" name="aosp/platform/prebuilts/clang/linux-x86/3.2" groups="pdk,linux" revision="refs/tags/android-4.4.2_r1" />
  <project path="prebuilts/clang/linux-x86/arm/3.3" name="aosp/platform/prebuilts/clang/linux-x86/arm/3.3" groups="linux,arm" revision="refs/tags/android-4.4.2_r1" />
  <project path="prebuilts/clang/linux-x86/host/3.3" name="aosp/platform/prebuilts/clang/linux-x86/host/3.3" groups="linux" revision="refs/tags/android-4.4.2_r1" />
  <project path="prebuilts/clang/linux-x86/x86/3.3" name="aosp/platform/prebuilts/clang/linux-x86/x86/3.3" groups="linux,x86" revision="refs/tags/android-4.4.2_r1" />
  <project path="prebuilts/devtools" name="aosp/platform/prebuilts/devtools" revision="refs/tags/android-4.4.2_r1" />
  <project path="prebuilts/gcc/linux-x86/arm/arm-eabi-4.6" name="aosp/platform/prebuilts/gcc/linux-x86/arm/arm-eabi-4.6" groups="pdk,linux,arm" revision="refs/tags/android-4.4.2_r1" />
  <project path="prebuilts/gcc/linux-x86/arm/arm-eabi-4.7" name="aosp/platform/prebuilts/gcc/linux-x86/arm/arm-eabi-4.7" groups="pdk,linux,arm" revision="refs/tags/android-4.4.2_r1" />
  <project path="prebuilts/gcc/linux-x86/arm/arm-linux-androideabi-4.6" name="aosp/platform/prebuilts/gcc/linux-x86/arm/arm-linux-androideabi-4.6" groups="pdk,linux,arm" revision="refs/tags/android-4.4.2_r1" />
  <project path="prebuilts/gcc/linux-x86/arm/arm-linux-androideabi-4.7" name="aosp/platform/prebuilts/gcc/linux-x86/arm/arm-linux-androideabi-4.7" groups="pdk,linux,arm" revision="refs/tags/android-4.4.2_r1" />
  <project path="prebuilts/gcc/linux-x86/host/i686-linux-glibc2.7-4.4.3" name="aosp/platform/prebuilts/gcc/linux-x86/host/i686-linux-glibc2.7-4.4.3" groups="pdk,linux" revision="refs/tags/android-4.4.2_r1" />
  <project path="prebuilts/gcc/linux-x86/host/i686-linux-glibc2.7-4.6" name="aosp/platform/prebuilts/gcc/linux-x86/host/i686-linux-glibc2.7-4.6" groups="pdk,linux" revision="refs/tags/android-4.4.2_r1" />
  <project path="prebuilts/gcc/linux-x86/x86/i686-linux-android-4.6" name="aosp/platform/prebuilts/gcc/linux-x86/x86/i686-linux-android-4.6" groups="pdk,linux,x86" revision="refs/tags/android-4.4.2_r1" />
  <project path="prebuilts/gcc/linux-x86/x86/i686-linux-android-4.7" name="aosp/platform/prebuilts/gcc/linux-x86/x86/i686-linux-android-4.7" groups="pdk,linux,x86" revision="refs/tags/android-4.4.2_r1" />
  <project path="prebuilts/gcc/linux-x86/x86/x86_64-linux-android-4.7" name="aosp/platform/prebuilts/gcc/linux-x86/x86/x86_64-linux-android-4.7" groups="pdk,linux,x86" revision="refs/tags/android-4.4.2_r1" />
  <project path="prebuilts/gcc/linux-x86/host/x86_64-linux-glibc2.7-4.6" name="aosp/platform/prebuilts/gcc/linux-x86/host/x86_64-linux-glibc2.7-4.6" groups="pdk,linux" />

  <project path="prebuilts/misc" name="aosp/platform/prebuilts/misc" groups="pdk" revision="refs/tags/android-4.4.2_r1" />
  <project path="prebuilts/ndk" name="aosp/platform/prebuilts/ndk" groups="pdk" revision="refs/tags/android-4.4.2_r1" />
  <project path="prebuilts/python/linux-x86/2.7.5" name="aosp/platform/prebuilts/python/linux-x86/2.7.5" groups="linux" revision="refs/tags/android-4.4.2_r1" />
  <project path="prebuilts/qemu-kernel" name="aosp/platform/prebuilts/qemu-kernel" groups="pdk" revision="refs/tags/android-4.4.2_r1" />
  <project path="prebuilts/runtime" name="aosp/platform/prebuilts/runtime" revision="refs/tags/android-4.4.2_r1" />
  <project path="prebuilts/sdk" name="aosp/platform/prebuilts/sdk" groups="pdk" revision="refs/tags/android-4.4.2_r1" />
  <project path="prebuilts/tools" name="aosp/platform/prebuilts/tools" groups="pdk,tools" revision="refs/tags/android-4.4.2_r1" />

  <project path="sdk" name="aosp/platform/sdk" />

  <project path="system/extras" name="aosp/platform/system/extras" groups="pdk" />

  <project path="system/security" name="aosp/platform/system/security" groups="pdk" />
  <project path="system/core" name="aosp/platform/system/core" groups="pdk" /> 
  <project path="system/media" name="aosp/platform/system/media" groups="pdk" />   
  <project path="system/vold" name="aosp/platform/system/vold" groups="pdk" /> 

  <!-- Ubuntu specific repos -->
  <project path="external/busybox" name="CyanogenMod/android_external_busybox" />
  <project path="external/pigz" name="CyanogenMod/android_external_pigz" />
  <project path="external/koush/Superuser" name="CyanogenMod/android_external_koush_Superuser" />
  <project path="external/gpg" name="aosp/platform/external/gpg" />
  <project path="ubuntu/assets" name="ubuntu/assets" revision="refs/heads/master" />
  <project path="ubuntu/libhybris" name="ubuntu/libhybris" revision="refs/heads/master" />
  <project path="ubuntu/platform-api" name="ubuntu/platform-api" revision="refs/heads/master" />
  <project path="ubuntu/upstart-property-watcher" name="ubuntu/upstart-property-watcher" revision="refs/heads/master" />
</manifest>
