<manifest version="1.0" type="device">
   <hal format="hidl">
       <name>android.hardware.configstore</name>
       <transport>hwbinder</transport>
       <version>1.0</version>
       <interface>
           <name>ISurfaceFlingerConfigs</name>
           <instance>default</instance>
       </interface>
   </hal>
   <hal format="hidl">
       <name>android.hardware.camera.provider</name>
       <transport>hwbinder</transport>
       <version>2.4</version>
       <interface>
           <name>ICameraProvider</name>
           <instance>legacy/0</instance>
       </interface>
   </hal>
   <hal format="hidl">
        <name>android.hardware.drm</name>
        <transport arch="32">passthrough</transport>
        <version>1.0</version>
        <interface>
            <name>ICryptoFactory</name>
            <instance>widevine</instance>
            <instance>default</instance>
        </interface>
        <interface>
             <name>IDrmFactory</name>
             <instance>widevine</instance>
             <instance>default</instance>
         </interface>
    </hal>
    <hal format="hidl">
        <name>android.hardware.graphics.allocator</name>
        <transport arch="32">passthrough</transport>
        <version>2.0</version>
        <interface>
            <name>IAllocator</name>
            <instance>default</instance>
        </interface>
    </hal>
    <hal format="hidl">
        <name>android.hardware.graphics.mapper</name>
        <transport arch="32">passthrough</transport>
        <impl level="generic"></impl>
        <version>2.0</version>
    </hal>
    <hal format="hidl">
        <name>android.hardware.keymaster</name>
        <transport arch="32">passthrough</transport>
        <impl level="generic"></impl>
        <version>3.0</version>
    </hal>
    <hal format="hidl">
        <name>android.hardware.power</name>
        <transport>hwbinder</transport>
        <impl level="generic"></impl>
        <version>1.0</version>
    </hal>
    <hal format="hidl">
        <name>android.hardware.renderscript</name>
        <transport arch="32">passthrough</transport>
        <version>1.0</version>
        <interface>
            <name>IDevice</name>
            <instance>default</instance>
        </interface>
    </hal>
	<hal format="hidl">
        <name>android.hardware.wifi</name>
        <transport>hwbinder</transport>
        <version>1.0</version>
        <interface>
            <name>IWifi</name>
            <instance>default</instance>
        </interface>
    </hal>
    <hal format="hidl">
        <name>android.hardware.wifi.supplicant</name>
        <transport>hwbinder</transport>
        <version>1.0</version>
        <interface>
            <name>ISupplicant</name>
            <instance>default</instance>
        </interface>
    </hal>
</manifest>
