<?xml version="1.0" encoding="UTF-8"?>
<!-- Remember to copy paste https://github.com/ubuntu-touch-oneplus-one/ubuntu-touch-for-oneplus-one/blob/master/manifest.xml into .repo/mainifest.xml -->
<manifest>
  <remote fetch="git://github.com/" name="github" />
  <remote name="opo" 
           fetch="https://github.com/ubports" />
  <remote  name="pace"
           fetch="https://github.com/pacerom"
           review="review.pacerom.com" />
  <remote  name="oa"
           fetch="https://github.com/OnePlusAosp/"
           sync-j="4" />
  <remote  name="cm"
           fetch="https://github.com/CyanogenMod"
           sync-j="4" />



  <project name="android_device_oneplus_bacon" path="device/oneplus/bacon" remote="opo" revision="v4.4" />
  <project name="qcom_conn_init" path="hardware/conn_init" remote="opo" revision="master" />
  <project name="android_kernel_oneplus_one" path="kernel/oneplus/msm8974" remote="opo" revision="master" />
  <project path="hardware/qcom/media-caf-new" name="android_hardware_qcom_media-caf-new" remote="cm" revision="stable/cm-11.0" />
  <project path="frameworks/opt/connectivity" name="android_frameworks_opt_connectivity" remote="cm" revision="stable/cm-11.0" />
  <project path="device/oppo/common" name="device_oppo_common" remote="pace" revision="v4.4" />
  <project path="device/oppo/msm8974-common" name="device_oppo_msm8974-common" remote="oa" revision="v4.4" />
  <project path="device/qcom/common" name="device_qcom_common" remote="pace" revision="v4.4"/>
  <project path="vendor/pace" name="vendor_pace" remote="pace" revision="v4.4" />
  <project path="vendor/oppo" name="TheMuppets/proprietary_vendor_oppo" remote="github" revision="cm-11.0"/>
  <project path="vendor/oneplus" name="proprietary_vendor_oneplus" remote="opo" revision="cm-11.0" />



</manifest>
